epsilon,algorithm,n_seeds,training_return_mean,training_return_std,greedy_return_mean,greedy_return_std,highest_row_mean,highest_row_std,frac_last500_episodes_with_cliff_fall,seeds_greedy_reaches_goal,greedy_return_per_seed,highest_row_per_seed
0.01,sarsa,5,-16.968,0.694,-16.6,0.8,0.2,0.4,0.0032,5/5,-17 -17 -15 -17 -17,0 0 1 0 0
0.01,qlearning,5,-12.993,0.531,-11.0,0.0,3.0,0.0,0.0224,5/5,-11 -11 -11 -11 -11,3 3 3 3 3
0.05,sarsa,5,-19.136,1.765,-16.2,0.98,0.4,0.49,0.0212,5/5,-15 -17 -17 -17 -15,1 0 0 0 1
0.05,qlearning,5,-20.426,0.839,-11.0,0.0,3.0,0.0,0.0968,5/5,-11 -11 -11 -11 -11,3 3 3 3 3
0.1,sarsa,5,-23.192,1.763,-16.6,0.8,0.2,0.4,0.0412,5/5,-17 -17 -17 -15 -17,0 0 0 1 0
0.1,qlearning,5,-31.728,0.629,-11.0,0.0,3.0,0.0,0.1972,5/5,-11 -11 -11 -11 -11,3 3 3 3 3
0.2,sarsa,5,-33.1,2.763,-93.6,153.2,0.8,1.6,0.0964,4/5,-17 -17 -17 -400 -17,0 0 0 4 0
0.2,qlearning,5,-59.612,2.517,-11.0,0.0,3.0,0.0,0.362,5/5,-11 -11 -11 -11 -11,3 3 3 3 3
0.3,sarsa,5,-49.724,3.451,-93.6,153.2,0.0,0.0,0.1988,4/5,-17 -17 -17 -400 -17,0 0 0 0 0
0.3,qlearning,5,-85.771,4.008,-11.0,0.0,3.0,0.0,0.4844,5/5,-11 -11 -11 -11 -11,3 3 3 3 3
